{
	"info": {
		"_postman_id": "d446cc3f-c6ca-46ba-bc63-4e720fee33dc",
		"name": "New Collection",
		"schema": "https://schema.getpostman.com/json/collection/v2.1.0/collection.json",
		"_exporter_id": "27537570",
		"_collection_link": "https://www.postman.com/orbital-module-specialist-85113087/workspace/3-demo/collection/27537570-d446cc3f-c6ca-46ba-bc63-4e720fee33dc?action=share&source=collection_link&creator=27537570"
	},
	"item": [
		{
			"name": "게시글 api",
			"item": [
				{
					"name": "/api/articles",
					"request": {
						"method": "GET",
						"header": [],
						"url": {
							"raw": "http://localhost:8081/api/articles",
							"protocol": "http",
							"host": [
								"localhost"
							],
							"port": "8081",
							"path": [
								"api",
								"articles"
							]
						}
					},
					"response": []
				},
				{
					"name": "/api/articles/{id}",
					"request": {
						"method": "GET",
						"header": [],
						"url": {
							"raw": "http://localhost:8081/api/articles/1",
							"protocol": "http",
							"host": [
								"localhost"
							],
							"port": "8081",
							"path": [
								"api",
								"articles",
								"1"
							]
						}
					},
					"response": []
				},
				{
					"name": "/api/articles",
					"request": {
						"method": "POST",
						"header": [],
						"body": {
							"mode": "raw",
							"raw": "{   \r\n    \"title\" : \"test게시글 제목입니다.\",\r\n    \"content\" : \"test게시글 제목입니다.\"\r\n}",
							"options": {
								"raw": {
									"language": "json"
								}
							}
						},
						"url": {
							"raw": "http://localhost:8081/api/articles",
							"protocol": "http",
							"host": [
								"localhost"
							],
							"port": "8081",
							"path": [
								"api",
								"articles"
							]
						}
					},
					"response": []
				},
				{
					"name": "/api/articles/{id}",
					"request": {
						"method": "PATCH",
						"header": [],
						"body": {
							"mode": "raw",
							"raw": "{   \r\n    \"id\" : \"1\",\r\n    \"title\" : \"test게시글 - 제목 수정입니다.\",\r\n    \"content\" : \"test게시글 - 내용 수정입니다.\"\r\n}",
							"options": {
								"raw": {
									"language": "json"
								}
							}
						},
						"url": {
							"raw": "http://localhost:8081/api/articles/1",
							"protocol": "http",
							"host": [
								"localhost"
							],
							"port": "8081",
							"path": [
								"api",
								"articles",
								"1"
							]
						}
					},
					"response": []
				},
				{
					"name": "/api/articles/{id}",
					"request": {
						"method": "DELETE",
						"header": [],
						"url": {
							"raw": "http://localhost:8081/api/articles/1",
							"protocol": "http",
							"host": [
								"localhost"
							],
							"port": "8081",
							"path": [
								"api",
								"articles",
								"1"
							]
						}
					},
					"response": []
				}
			]
		},
		{
			"name": "댓글 api",
			"item": [
				{
					"name": "/api/articles/comments",
					"request": {
						"method": "GET",
						"header": [],
						"url": {
							"raw": "http://localhost:8081/api/articles/comments",
							"protocol": "http",
							"host": [
								"localhost"
							],
							"port": "8081",
							"path": [
								"api",
								"articles",
								"comments"
							]
						}
					},
					"response": []
				},
				{
					"name": "/api/articles/{articleId}/comments",
					"request": {
						"method": "GET",
						"header": [],
						"url": {
							"raw": "http://localhost:8081/api/articles/5/comments",
							"protocol": "http",
							"host": [
								"localhost"
							],
							"port": "8081",
							"path": [
								"api",
								"articles",
								"5",
								"comments"
							]
						}
					},
					"response": []
				},
				{
					"name": "/api/articles/{articleId}/comments",
					"request": {
						"method": "POST",
						"header": [],
						"body": {
							"mode": "raw",
							"raw": "{  \r\n    \"articleId\" : \"4\",\r\n    \"nickname\" : \"test123\",\r\n    \"body\" : \"테스트 댓글 입니다.\"\r\n}",
							"options": {
								"raw": {
									"language": "json"
								}
							}
						},
						"url": {
							"raw": "http://localhost:8081/api/articles/4/comments",
							"protocol": "http",
							"host": [
								"localhost"
							],
							"port": "8081",
							"path": [
								"api",
								"articles",
								"4",
								"comments"
							]
						}
					},
					"response": []
				},
				{
					"name": "/api/comments/{id}",
					"request": {
						"method": "PATCH",
						"header": [],
						"body": {
							"mode": "raw",
							"raw": "{  \r\n    \"id\" : \"7\",\r\n    \"nickname\" : \"test1243\",\r\n    \"body\" : \"테스트 댓글 입니다.\"\r\n}",
							"options": {
								"raw": {
									"language": "json"
								}
							}
						},
						"url": {
							"raw": "http://localhost:8081/api/comments/7",
							"protocol": "http",
							"host": [
								"localhost"
							],
							"port": "8081",
							"path": [
								"api",
								"comments",
								"7"
							]
						}
					},
					"response": []
				},
				{
					"name": "/api/comments/{id}",
					"request": {
						"method": "DELETE",
						"header": [],
						"body": {
							"mode": "raw",
							"raw": "{  \r\n    \"id\" : \"7\",\r\n    \"nickname\" : \"test1243\",\r\n    \"body\" : \"테스트 댓글 입니다.\"\r\n}",
							"options": {
								"raw": {
									"language": "json"
								}
							}
						},
						"url": {
							"raw": "http://localhost:8081/api/comments/7",
							"protocol": "http",
							"host": [
								"localhost"
							],
							"port": "8081",
							"path": [
								"api",
								"comments",
								"7"
							]
						}
					},
					"response": []
				}
			]
		}
	]
}